Domain Code,Domain,Area Code,Area,Element Code,Element,Item Code,Item,Year Code,Year,Unit,Value
"FBS","Food Balances (2010-)","2","Afghanistan","511","Total Population - Both sexes","2501","Population","2018","2018","1000 persons","37172"
"FBS","Food Balances (2010-)","2","Afghanistan","511","Total Population - Both sexes","2501","Population","2019","2019","1000 persons","38042"
"FBS","Food Balances (2010-)","3","Albania","511","Total Population - Both sexes","2501","Population","2018","2018","1000 persons","2883"
"FBS","Food Balances (2010-)","3","Albania","511","Total Population - Both sexes","2501","Population","2019","2019","1000 persons","2881"
"FBS","Food Balances (2010-)","4","Algeria","511","Total Population - Both sexes","2501","Population","2018","2018","1000 persons","42228"
"FBS","Food Balances (2010-)","4","Algeria","511","Total Population - Both sexes","2501","Population","2019","2019","1000 persons","43053"
"FBS","Food Balances (2010-)","7","Angola","511","Total Population - Both sexes","2501","Population","2018","2018","1000 persons","30810"
"FBS","Food Balances (2010-)","7","Angola","511","Total Population - Both sexes","2501","Population","2019","2019","1000 persons","31825"
"FBS","Food Balances (2010-)","8","Antigua and Barbuda","511","Total Population - Both sexes","2501","Population","2018","2018","1000 persons","96"
"FBS","Food Balances (2010-)","8","Antigua and Barbuda","511","Total Population - Both sexes","2501","Population","2019","2019","1000 persons","97"
"FBS","Food Balances (2010-)","9","Argentina","511","Total Population - Both sexes","2501","Population","2018","2018","1000 persons","44361"
"FBS","Food Balances (2010-)","9","Argentina","511","Total Population - Both sexes","2501","Population","2019","2019","1000 persons","44781"
"FBS","Food Balances (2010-)","1","Armenia","511","Total Population - Both sexes","2501","Population","2018","2018","1000 persons","2952"
"FBS","Food Balances (2010-)","1","Armenia","511","Total Population - Both sexes","2501","Population","2019","2019","1000 persons","2958"
"FBS","Food Balances (2010-)","10","Australia","511","Total Population - Both sexes","2501","Population","2018","2018","1000 persons","24898"
"FBS","Food Balances (2010-)","10","Australia","511","Total Population - Both sexes","2501","Population","2019","2019","1000 persons","25203"
"FBS","Food Balances (2010-)","11","Austria","511","Total Population - Both sexes","2501","Population","2018","2018","1000 persons","8891"
"FBS","Food Balances (2010-)","11","Austria","511","Total Population - Both sexes","2501","Population","2019","2019","1000 persons","8955"
"FBS","Food Balances (2010-)","52","Azerbaijan","511","Total Population - Both sexes","2501","Population","2018","2018","1000 persons","9950"
"FBS","Food Balances (2010-)","52","Azerbaijan","511","Total Population - Both sexes","2501","Population","2019","2019","1000 persons","10048"
"FBS","Food Balances (2010-)","12","Bahamas","511","Total Population - Both sexes","2501","Population","2018","2018","1000 persons","386"
"FBS","Food Balances (2010-)","12","Bahamas","511","Total Population - Both sexes","2501","Population","2019","2019","1000 persons","389"
"FBS","Food Balances (2010-)","16","Bangladesh","511","Total Population - Both sexes","2501","Population","2018","2018","1000 persons","161377"
"FBS","Food Balances (2010-)","16","Bangladesh","511","Total Population - Both sexes","2501","Population","2019","2019","1000 persons","163046"
"FBS","Food Balances (2010-)","14","Barbados","511","Total Population - Both sexes","2501","Population","2018","2018","1000 persons","287"
"FBS","Food Balances (2010-)","14","Barbados","511","Total Population - Both sexes","2501","Population","2019","2019","1000 persons","287"
"FBS","Food Balances (2010-)","57","Belarus","511","Total Population - Both sexes","2501","Population","2018","2018","1000 persons","9453"
"FBS","Food Balances (2010-)","57","Belarus","511","Total Population - Both sexes","2501","Population","2019","2019","1000 persons","9452"
"FBS","Food Balances (2010-)","255","Belgium","511","Total Population - Both sexes","2501","Population","2018","2018","1000 persons","11482"
"FBS","Food Balances (2010-)","255","Belgium","511","Total Population - Both sexes","2501","Population","2019","2019","1000 persons","11539"
"FBS","Food Balances (2010-)","23","Belize","511","Total Population - Both sexes","2501","Population","2018","2018","1000 persons","383"
"FBS","Food Balances (2010-)","23","Belize","511","Total Population - Both sexes","2501","Population","2019","2019","1000 persons","390"
"FBS","Food Balances (2010-)","53","Benin","511","Total Population - Both sexes","2501","Population","2018","2018","1000 persons","11485"
"FBS","Food Balances (2010-)","53","Benin","511","Total Population - Both sexes","2501","Population","2019","2019","1000 persons","11801"
"FBS","Food Balances (2010-)","19","Bolivia (Plurinational State of)","511","Total Population - Both sexes","2501","Population","2018","2018","1000 persons","11353"
"FBS","Food Balances (2010-)","19","Bolivia (Plurinational State of)","511","Total Population - Both sexes","2501","Population","2019","2019","1000 persons","11513"
"FBS","Food Balances (2010-)","80","Bosnia and Herzegovina","511","Total Population - Both sexes","2501","Population","2018","2018","1000 persons","3324"
"FBS","Food Balances (2010-)","80","Bosnia and Herzegovina","511","Total Population - Both sexes","2501","Population","2019","2019","1000 persons","3301"
"FBS","Food Balances (2010-)","20","Botswana","511","Total Population - Both sexes","2501","Population","2018","2018","1000 persons","2254"
"FBS","Food Balances (2010-)","20","Botswana","511","Total Population - Both sexes","2501","Population","2019","2019","1000 persons","2304"
"FBS","Food Balances (2010-)","21","Brazil","511","Total Population - Both sexes","2501","Population","2018","2018","1000 persons","209469"
"FBS","Food Balances (2010-)","21","Brazil","511","Total Population - Both sexes","2501","Population","2019","2019","1000 persons","211050"
"FBS","Food Balances (2010-)","27","Bulgaria","511","Total Population - Both sexes","2501","Population","2018","2018","1000 persons","7052"
"FBS","Food Balances (2010-)","27","Bulgaria","511","Total Population - Both sexes","2501","Population","2019","2019","1000 persons","7000"
"FBS","Food Balances (2010-)","233","Burkina Faso","511","Total Population - Both sexes","2501","Population","2018","2018","1000 persons","19751"
"FBS","Food Balances (2010-)","233","Burkina Faso","511","Total Population - Both sexes","2501","Population","2019","2019","1000 persons","20321"
"FBS","Food Balances (2010-)","29","Burundi","511","Total Population - Both sexes","2501","Population","2018","2018","1000 persons","11175"
"FBS","Food Balances (2010-)","29","Burundi","511","Total Population - Both sexes","2501","Population","2019","2019","1000 persons","11531"
"FBS","Food Balances (2010-)","35","Cabo Verde","511","Total Population - Both sexes","2501","Population","2018","2018","1000 persons","544"
"FBS","Food Balances (2010-)","35","Cabo Verde","511","Total Population - Both sexes","2501","Population","2019","2019","1000 persons","550"
"FBS","Food Balances (2010-)","115","Cambodia","511","Total Population - Both sexes","2501","Population","2018","2018","1000 persons","16250"
"FBS","Food Balances (2010-)","115","Cambodia","511","Total Population - Both sexes","2501","Population","2019","2019","1000 persons","16487"
"FBS","Food Balances (2010-)","32","Cameroon","511","Total Population - Both sexes","2501","Population","2018","2018","1000 persons","25216"
"FBS","Food Balances (2010-)","32","Cameroon","511","Total Population - Both sexes","2501","Population","2019","2019","1000 persons","25876"
"FBS","Food Balances (2010-)","33","Canada","511","Total Population - Both sexes","2501","Population","2018","2018","1000 persons","37075"
"FBS","Food Balances (2010-)","33","Canada","511","Total Population - Both sexes","2501","Population","2019","2019","1000 persons","37411"
"FBS","Food Balances (2010-)","37","Central African Republic","511","Total Population - Both sexes","2501","Population","2018","2018","1000 persons","4666"
"FBS","Food Balances (2010-)","37","Central African Republic","511","Total Population - Both sexes","2501","Population","2019","2019","1000 persons","4745"
"FBS","Food Balances (2010-)","39","Chad","511","Total Population - Both sexes","2501","Population","2018","2018","1000 persons","15478"
"FBS","Food Balances (2010-)","39","Chad","511","Total Population - Both sexes","2501","Population","2019","2019","1000 persons","15947"
"FBS","Food Balances (2010-)","40","Chile","511","Total Population - Both sexes","2501","Population","2018","2018","1000 persons","18729"
"FBS","Food Balances (2010-)","40","Chile","511","Total Population - Both sexes","2501","Population","2019","2019","1000 persons","18952"
"FBS","Food Balances (2010-)","96","China, Hong Kong SAR","511","Total Population - Both sexes","2501","Population","2018","2018","1000 persons","7372"
"FBS","Food Balances (2010-)","96","China, Hong Kong SAR","511","Total Population - Both sexes","2501","Population","2019","2019","1000 persons","7436"
"FBS","Food Balances (2010-)","128","China, Macao SAR","511","Total Population - Both sexes","2501","Population","2018","2018","1000 persons","632"
"FBS","Food Balances (2010-)","128","China, Macao SAR","511","Total Population - Both sexes","2501","Population","2019","2019","1000 persons","640"
"FBS","Food Balances (2010-)","41","China, mainland","511","Total Population - Both sexes","2501","Population","2018","2018","1000 persons","1427648"
"FBS","Food Balances (2010-)","41","China, mainland","511","Total Population - Both sexes","2501","Population","2019","2019","1000 persons","1433784"
"FBS","Food Balances (2010-)","214","China, Taiwan Province of","511","Total Population - Both sexes","2501","Population","2018","2018","1000 persons","23726"
"FBS","Food Balances (2010-)","214","China, Taiwan Province of","511","Total Population - Both sexes","2501","Population","2019","2019","1000 persons","23774"
"FBS","Food Balances (2010-)","44","Colombia","511","Total Population - Both sexes","2501","Population","2018","2018","1000 persons","49661"
"FBS","Food Balances (2010-)","44","Colombia","511","Total Population - Both sexes","2501","Population","2019","2019","1000 persons","50339"
"FBS","Food Balances (2010-)","45","Comoros","511","Total Population - Both sexes","2501","Population","2018","2018","1000 persons","832"
"FBS","Food Balances (2010-)","45","Comoros","511","Total Population - Both sexes","2501","Population","2019","2019","1000 persons","851"
"FBS","Food Balances (2010-)","46","Congo","511","Total Population - Both sexes","2501","Population","2018","2018","1000 persons","5244"
"FBS","Food Balances (2010-)","46","Congo","511","Total Population - Both sexes","2501","Population","2019","2019","1000 persons","5381"
"FBS","Food Balances (2010-)","48","Costa Rica","511","Total Population - Both sexes","2501","Population","2018","2018","1000 persons","4999"
"FBS","Food Balances (2010-)","48","Costa Rica","511","Total Population - Both sexes","2501","Population","2019","2019","1000 persons","5048"
"FBS","Food Balances (2010-)","107","C?te d'Ivoire","511","Total Population - Both sexes","2501","Population","2018","2018","1000 persons","25069"
"FBS","Food Balances (2010-)","107","C?te d'Ivoire","511","Total Population - Both sexes","2501","Population","2019","2019","1000 persons","25717"
"FBS","Food Balances (2010-)","98","Croatia","511","Total Population - Both sexes","2501","Population","2018","2018","1000 persons","4156"
"FBS","Food Balances (2010-)","98","Croatia","511","Total Population - Both sexes","2501","Population","2019","2019","1000 persons","4130"
"FBS","Food Balances (2010-)","49","Cuba","511","Total Population - Both sexes","2501","Population","2018","2018","1000 persons","11338"
"FBS","Food Balances (2010-)","49","Cuba","511","Total Population - Both sexes","2501","Population","2019","2019","1000 persons","11333"
"FBS","Food Balances (2010-)","50","Cyprus","511","Total Population - Both sexes","2501","Population","2018","2018","1000 persons","1189"
"FBS","Food Balances (2010-)","50","Cyprus","511","Total Population - Both sexes","2501","Population","2019","2019","1000 persons","1199"
"FBS","Food Balances (2010-)","167","Czechia","511","Total Population - Both sexes","2501","Population","2018","2018","1000 persons","10666"
"FBS","Food Balances (2010-)","167","Czechia","511","Total Population - Both sexes","2501","Population","2019","2019","1000 persons","10689"
"FBS","Food Balances (2010-)","116","Democratic People's Republic of Korea","511","Total Population - Both sexes","2501","Population","2018","2018","1000 persons","25550"
"FBS","Food Balances (2010-)","116","Democratic People's Republic of Korea","511","Total Population - Both sexes","2501","Population","2019","2019","1000 persons","25666"
"FBS","Food Balances (2010-)","250","Democratic Republic of the Congo","511","Total Population - Both sexes","2501","Population","2018","2018","1000 persons","84068"
"FBS","Food Balances (2010-)","250","Democratic Republic of the Congo","511","Total Population - Both sexes","2501","Population","2019","2019","1000 persons","86791"
"FBS","Food Balances (2010-)","54","Denmark","511","Total Population - Both sexes","2501","Population","2018","2018","1000 persons","5752"
"FBS","Food Balances (2010-)","54","Denmark","511","Total Population - Both sexes","2501","Population","2019","2019","1000 persons","5772"
"FBS","Food Balances (2010-)","72","Djibouti","511","Total Population - Both sexes","2501","Population","2018","2018","1000 persons","959"
"FBS","Food Balances (2010-)","72","Djibouti","511","Total Population - Both sexes","2501","Population","2019","2019","1000 persons","974"
"FBS","Food Balances (2010-)","55","Dominica","511","Total Population - Both sexes","2501","Population","2018","2018","1000 persons","72"
"FBS","Food Balances (2010-)","55","Dominica","511","Total Population - Both sexes","2501","Population","2019","2019","1000 persons","72"
"FBS","Food Balances (2010-)","56","Dominican Republic","511","Total Population - Both sexes","2501","Population","2018","2018","1000 persons","10627"
"FBS","Food Balances (2010-)","56","Dominican Republic","511","Total Population - Both sexes","2501","Population","2019","2019","1000 persons","10739"
"FBS","Food Balances (2010-)","58","Ecuador","511","Total Population - Both sexes","2501","Population","2018","2018","1000 persons","17084"
"FBS","Food Balances (2010-)","58","Ecuador","511","Total Population - Both sexes","2501","Population","2019","2019","1000 persons","17374"
"FBS","Food Balances (2010-)","59","Egypt","511","Total Population - Both sexes","2501","Population","2018","2018","1000 persons","98424"
"FBS","Food Balances (2010-)","59","Egypt","511","Total Population - Both sexes","2501","Population","2019","2019","1000 persons","100388"
"FBS","Food Balances (2010-)","60","El Salvador","511","Total Population - Both sexes","2501","Population","2018","2018","1000 persons","6421"
"FBS","Food Balances (2010-)","60","El Salvador","511","Total Population - Both sexes","2501","Population","2019","2019","1000 persons","6454"
"FBS","Food Balances (2010-)","63","Estonia","511","Total Population - Both sexes","2501","Population","2018","2018","1000 persons","1323"
"FBS","Food Balances (2010-)","63","Estonia","511","Total Population - Both sexes","2501","Population","2019","2019","1000 persons","1326"
"FBS","Food Balances (2010-)","209","Eswatini","511","Total Population - Both sexes","2501","Population","2018","2018","1000 persons","1136"
"FBS","Food Balances (2010-)","209","Eswatini","511","Total Population - Both sexes","2501","Population","2019","2019","1000 persons","1148"
"FBS","Food Balances (2010-)","238","Ethiopia","511","Total Population - Both sexes","2501","Population","2018","2018","1000 persons","109224"
"FBS","Food Balances (2010-)","238","Ethiopia","511","Total Population - Both sexes","2501","Population","2019","2019","1000 persons","112079"
"FBS","Food Balances (2010-)","66","Fiji","511","Total Population - Both sexes","2501","Population","2018","2018","1000 persons","883"
"FBS","Food Balances (2010-)","66","Fiji","511","Total Population - Both sexes","2501","Population","2019","2019","1000 persons","890"
"FBS","Food Balances (2010-)","67","Finland","511","Total Population - Both sexes","2501","Population","2018","2018","1000 persons","5523"
"FBS","Food Balances (2010-)","67","Finland","511","Total Population - Both sexes","2501","Population","2019","2019","1000 persons","5532"
"FBS","Food Balances (2010-)","68","France","511","Total Population - Both sexes","2501","Population","2018","2018","1000 persons","66931"
"FBS","Food Balances (2010-)","68","France","511","Total Population - Both sexes","2501","Population","2019","2019","1000 persons","65130"
"FBS","Food Balances (2010-)","70","French Polynesia","511","Total Population - Both sexes","2501","Population","2018","2018","1000 persons","278"
"FBS","Food Balances (2010-)","70","French Polynesia","511","Total Population - Both sexes","2501","Population","2019","2019","1000 persons","279"
"FBS","Food Balances (2010-)","74","Gabon","511","Total Population - Both sexes","2501","Population","2018","2018","1000 persons","2119"
"FBS","Food Balances (2010-)","74","Gabon","511","Total Population - Both sexes","2501","Population","2019","2019","1000 persons","2173"
"FBS","Food Balances (2010-)","75","Gambia","511","Total Population - Both sexes","2501","Population","2018","2018","1000 persons","2280"
"FBS","Food Balances (2010-)","75","Gambia","511","Total Population - Both sexes","2501","Population","2019","2019","1000 persons","2348"
"FBS","Food Balances (2010-)","73","Georgia","511","Total Population - Both sexes","2501","Population","2018","2018","1000 persons","4003"
"FBS","Food Balances (2010-)","73","Georgia","511","Total Population - Both sexes","2501","Population","2019","2019","1000 persons","3997"
"FBS","Food Balances (2010-)","79","Germany","511","Total Population - Both sexes","2501","Population","2018","2018","1000 persons","83124"
"FBS","Food Balances (2010-)","79","Germany","511","Total Population - Both sexes","2501","Population","2019","2019","1000 persons","83517"
"FBS","Food Balances (2010-)","81","Ghana","511","Total Population - Both sexes","2501","Population","2018","2018","1000 persons","29767"
"FBS","Food Balances (2010-)","81","Ghana","511","Total Population - Both sexes","2501","Population","2019","2019","1000 persons","30418"
"FBS","Food Balances (2010-)","84","Greece","511","Total Population - Both sexes","2501","Population","2018","2018","1000 persons","10522"
"FBS","Food Balances (2010-)","84","Greece","511","Total Population - Both sexes","2501","Population","2019","2019","1000 persons","10473"
"FBS","Food Balances (2010-)","86","Grenada","511","Total Population - Both sexes","2501","Population","2018","2018","1000 persons","111"
"FBS","Food Balances (2010-)","86","Grenada","511","Total Population - Both sexes","2501","Population","2019","2019","1000 persons","112"
"FBS","Food Balances (2010-)","89","Guatemala","511","Total Population - Both sexes","2501","Population","2018","2018","1000 persons","17248"
"FBS","Food Balances (2010-)","89","Guatemala","511","Total Population - Both sexes","2501","Population","2019","2019","1000 persons","17581"
"FBS","Food Balances (2010-)","90","Guinea","511","Total Population - Both sexes","2501","Population","2018","2018","1000 persons","12414"
"FBS","Food Balances (2010-)","90","Guinea","511","Total Population - Both sexes","2501","Population","2019","2019","1000 persons","12771"
"FBS","Food Balances (2010-)","175","Guinea-Bissau","511","Total Population - Both sexes","2501","Population","2018","2018","1000 persons","1874"
"FBS","Food Balances (2010-)","175","Guinea-Bissau","511","Total Population - Both sexes","2501","Population","2019","2019","1000 persons","1921"
"FBS","Food Balances (2010-)","91","Guyana","511","Total Population - Both sexes","2501","Population","2018","2018","1000 persons","779"
"FBS","Food Balances (2010-)","91","Guyana","511","Total Population - Both sexes","2501","Population","2019","2019","1000 persons","783"
"FBS","Food Balances (2010-)","93","Haiti","511","Total Population - Both sexes","2501","Population","2018","2018","1000 persons","11123"
"FBS","Food Balances (2010-)","93","Haiti","511","Total Population - Both sexes","2501","Population","2019","2019","1000 persons","11263"
"FBS","Food Balances (2010-)","95","Honduras","511","Total Population - Both sexes","2501","Population","2018","2018","1000 persons","9588"
"FBS","Food Balances (2010-)","95","Honduras","511","Total Population - Both sexes","2501","Population","2019","2019","1000 persons","9746"
"FBS","Food Balances (2010-)","97","Hungary","511","Total Population - Both sexes","2501","Population","2018","2018","1000 persons","9707"
"FBS","Food Balances (2010-)","97","Hungary","511","Total Population - Both sexes","2501","Population","2019","2019","1000 persons","9685"
"FBS","Food Balances (2010-)","99","Iceland","511","Total Population - Both sexes","2501","Population","2018","2018","1000 persons","337"
"FBS","Food Balances (2010-)","99","Iceland","511","Total Population - Both sexes","2501","Population","2019","2019","1000 persons","339"
"FBS","Food Balances (2010-)","100","India","511","Total Population - Both sexes","2501","Population","2018","2018","1000 persons","1352642"
"FBS","Food Balances (2010-)","100","India","511","Total Population - Both sexes","2501","Population","2019","2019","1000 persons","1366418"
"FBS","Food Balances (2010-)","101","Indonesia","511","Total Population - Both sexes","2501","Population","2018","2018","1000 persons","267671"
"FBS","Food Balances (2010-)","101","Indonesia","511","Total Population - Both sexes","2501","Population","2019","2019","1000 persons","270626"
"FBS","Food Balances (2010-)","102","Iran (Islamic Republic of)","511","Total Population - Both sexes","2501","Population","2018","2018","1000 persons","81800"
"FBS","Food Balances (2010-)","102","Iran (Islamic Republic of)","511","Total Population - Both sexes","2501","Population","2019","2019","1000 persons","82914"
"FBS","Food Balances (2010-)","103","Iraq","511","Total Population - Both sexes","2501","Population","2018","2018","1000 persons","32965"
"FBS","Food Balances (2010-)","103","Iraq","511","Total Population - Both sexes","2501","Population","2019","2019","1000 persons","33717"
"FBS","Food Balances (2010-)","104","Ireland","511","Total Population - Both sexes","2501","Population","2018","2018","1000 persons","4819"
"FBS","Food Balances (2010-)","104","Ireland","511","Total Population - Both sexes","2501","Population","2019","2019","1000 persons","4882"
"FBS","Food Balances (2010-)","105","Israel","511","Total Population - Both sexes","2501","Population","2018","2018","1000 persons","8382"
"FBS","Food Balances (2010-)","105","Israel","511","Total Population - Both sexes","2501","Population","2019","2019","1000 persons","8519"
"FBS","Food Balances (2010-)","106","Italy","511","Total Population - Both sexes","2501","Population","2018","2018","1000 persons","60627"
"FBS","Food Balances (2010-)","106","Italy","511","Total Population - Both sexes","2501","Population","2019","2019","1000 persons","60550"
"FBS","Food Balances (2010-)","109","Jamaica","511","Total Population - Both sexes","2501","Population","2018","2018","1000 persons","2935"
"FBS","Food Balances (2010-)","109","Jamaica","511","Total Population - Both sexes","2501","Population","2019","2019","1000 persons","2948"
"FBS","Food Balances (2010-)","110","Japan","511","Total Population - Both sexes","2501","Population","2018","2018","1000 persons","127202"
"FBS","Food Balances (2010-)","110","Japan","511","Total Population - Both sexes","2501","Population","2019","2019","1000 persons","126860"
"FBS","Food Balances (2010-)","112","Jordan","511","Total Population - Both sexes","2501","Population","2018","2018","1000 persons","9965"
"FBS","Food Balances (2010-)","112","Jordan","511","Total Population - Both sexes","2501","Population","2019","2019","1000 persons","10102"
"FBS","Food Balances (2010-)","108","Kazakhstan","511","Total Population - Both sexes","2501","Population","2018","2018","1000 persons","18320"
"FBS","Food Balances (2010-)","108","Kazakhstan","511","Total Population - Both sexes","2501","Population","2019","2019","1000 persons","18551"
"FBS","Food Balances (2010-)","114","Kenya","511","Total Population - Both sexes","2501","Population","2018","2018","1000 persons","51393"
"FBS","Food Balances (2010-)","114","Kenya","511","Total Population - Both sexes","2501","Population","2019","2019","1000 persons","52574"
"FBS","Food Balances (2010-)","83","Kiribati","511","Total Population - Both sexes","2501","Population","2018","2018","1000 persons","116"
"FBS","Food Balances (2010-)","83","Kiribati","511","Total Population - Both sexes","2501","Population","2019","2019","1000 persons","118"
"FBS","Food Balances (2010-)","118","Kuwait","511","Total Population - Both sexes","2501","Population","2018","2018","1000 persons","4137"
"FBS","Food Balances (2010-)","118","Kuwait","511","Total Population - Both sexes","2501","Population","2019","2019","1000 persons","4207"
"FBS","Food Balances (2010-)","113","Kyrgyzstan","511","Total Population - Both sexes","2501","Population","2018","2018","1000 persons","6304"
"FBS","Food Balances (2010-)","113","Kyrgyzstan","511","Total Population - Both sexes","2501","Population","2019","2019","1000 persons","6416"
"FBS","Food Balances (2010-)","120","Lao People's Democratic Republic","511","Total Population - Both sexes","2501","Population","2018","2018","1000 persons","7062"
"FBS","Food Balances (2010-)","120","Lao People's Democratic Republic","511","Total Population - Both sexes","2501","Population","2019","2019","1000 persons","7169"
"FBS","Food Balances (2010-)","119","Latvia","511","Total Population - Both sexes","2501","Population","2018","2018","1000 persons","1928"
"FBS","Food Balances (2010-)","119","Latvia","511","Total Population - Both sexes","2501","Population","2019","2019","1000 persons","1907"
"FBS","Food Balances (2010-)","121","Lebanon","511","Total Population - Both sexes","2501","Population","2018","2018","1000 persons","6859"
"FBS","Food Balances (2010-)","121","Lebanon","511","Total Population - Both sexes","2501","Population","2019","2019","1000 persons","6856"
"FBS","Food Balances (2010-)","122","Lesotho","511","Total Population - Both sexes","2501","Population","2018","2018","1000 persons","2108"
"FBS","Food Balances (2010-)","122","Lesotho","511","Total Population - Both sexes","2501","Population","2019","2019","1000 persons","2125"
"FBS","Food Balances (2010-)","123","Liberia","511","Total Population - Both sexes","2501","Population","2018","2018","1000 persons","4819"
"FBS","Food Balances (2010-)","123","Liberia","511","Total Population - Both sexes","2501","Population","2019","2019","1000 persons","4937"
"FBS","Food Balances (2010-)","124","Libya","511","Total Population - Both sexes","2501","Population","2018","2018","1000 persons","6679"
"FBS","Food Balances (2010-)","124","Libya","511","Total Population - Both sexes","2501","Population","2019","2019","1000 persons","6777"
"FBS","Food Balances (2010-)","126","Lithuania","511","Total Population - Both sexes","2501","Population","2018","2018","1000 persons","2801"
"FBS","Food Balances (2010-)","126","Lithuania","511","Total Population - Both sexes","2501","Population","2019","2019","1000 persons","2760"
"FBS","Food Balances (2010-)","256","Luxembourg","511","Total Population - Both sexes","2501","Population","2018","2018","1000 persons","604"
"FBS","Food Balances (2010-)","256","Luxembourg","511","Total Population - Both sexes","2501","Population","2019","2019","1000 persons","616"
"FBS","Food Balances (2010-)","129","Madagascar","511","Total Population - Both sexes","2501","Population","2018","2018","1000 persons","26262"
"FBS","Food Balances (2010-)","129","Madagascar","511","Total Population - Both sexes","2501","Population","2019","2019","1000 persons","26969"
"FBS","Food Balances (2010-)","130","Malawi","511","Total Population - Both sexes","2501","Population","2018","2018","1000 persons","18143"
"FBS","Food Balances (2010-)","130","Malawi","511","Total Population - Both sexes","2501","Population","2019","2019","1000 persons","18629"
"FBS","Food Balances (2010-)","131","Malaysia","511","Total Population - Both sexes","2501","Population","2018","2018","1000 persons","31528"
"FBS","Food Balances (2010-)","131","Malaysia","511","Total Population - Both sexes","2501","Population","2019","2019","1000 persons","31950"
"FBS","Food Balances (2010-)","132","Maldives","511","Total Population - Both sexes","2501","Population","2018","2018","1000 persons","516"
"FBS","Food Balances (2010-)","132","Maldives","511","Total Population - Both sexes","2501","Population","2019","2019","1000 persons","531"
"FBS","Food Balances (2010-)","133","Mali","511","Total Population - Both sexes","2501","Population","2018","2018","1000 persons","19078"
"FBS","Food Balances (2010-)","133","Mali","511","Total Population - Both sexes","2501","Population","2019","2019","1000 persons","19658"
"FBS","Food Balances (2010-)","134","Malta","511","Total Population - Both sexes","2501","Population","2018","2018","1000 persons","439"
"FBS","Food Balances (2010-)","134","Malta","511","Total Population - Both sexes","2501","Population","2019","2019","1000 persons","440"
"FBS","Food Balances (2010-)","136","Mauritania","511","Total Population - Both sexes","2501","Population","2018","2018","1000 persons","4403"
"FBS","Food Balances (2010-)","136","Mauritania","511","Total Population - Both sexes","2501","Population","2019","2019","1000 persons","4526"
"FBS","Food Balances (2010-)","137","Mauritius","511","Total Population - Both sexes","2501","Population","2018","2018","1000 persons","1267"
"FBS","Food Balances (2010-)","137","Mauritius","511","Total Population - Both sexes","2501","Population","2019","2019","1000 persons","1270"
"FBS","Food Balances (2010-)","138","Mexico","511","Total Population - Both sexes","2501","Population","2018","2018","1000 persons","126191"
"FBS","Food Balances (2010-)","138","Mexico","511","Total Population - Both sexes","2501","Population","2019","2019","1000 persons","127576"
"FBS","Food Balances (2010-)","141","Mongolia","511","Total Population - Both sexes","2501","Population","2018","2018","1000 persons","3170"
"FBS","Food Balances (2010-)","141","Mongolia","511","Total Population - Both sexes","2501","Population","2019","2019","1000 persons","3225"
"FBS","Food Balances (2010-)","273","Montenegro","511","Total Population - Both sexes","2501","Population","2018","2018","1000 persons","628"
"FBS","Food Balances (2010-)","273","Montenegro","511","Total Population - Both sexes","2501","Population","2019","2019","1000 persons","628"
"FBS","Food Balances (2010-)","143","Morocco","511","Total Population - Both sexes","2501","Population","2018","2018","1000 persons","36029"
"FBS","Food Balances (2010-)","143","Morocco","511","Total Population - Both sexes","2501","Population","2019","2019","1000 persons","36472"
"FBS","Food Balances (2010-)","144","Mozambique","511","Total Population - Both sexes","2501","Population","2018","2018","1000 persons","29496"
"FBS","Food Balances (2010-)","144","Mozambique","511","Total Population - Both sexes","2501","Population","2019","2019","1000 persons","30366"
"FBS","Food Balances (2010-)","28","Myanmar","511","Total Population - Both sexes","2501","Population","2018","2018","1000 persons","53708"
"FBS","Food Balances (2010-)","28","Myanmar","511","Total Population - Both sexes","2501","Population","2019","2019","1000 persons","54045"
"FBS","Food Balances (2010-)","147","Namibia","511","Total Population - Both sexes","2501","Population","2018","2018","1000 persons","2448"
"FBS","Food Balances (2010-)","147","Namibia","511","Total Population - Both sexes","2501","Population","2019","2019","1000 persons","2495"
"FBS","Food Balances (2010-)","149","Nepal","511","Total Population - Both sexes","2501","Population","2018","2018","1000 persons","28096"
"FBS","Food Balances (2010-)","149","Nepal","511","Total Population - Both sexes","2501","Population","2019","2019","1000 persons","28609"
"FBS","Food Balances (2010-)","150","Netherlands","511","Total Population - Both sexes","2501","Population","2018","2018","1000 persons","17060"
"FBS","Food Balances (2010-)","150","Netherlands","511","Total Population - Both sexes","2501","Population","2019","2019","1000 persons","17097"
"FBS","Food Balances (2010-)","153","New Caledonia","511","Total Population - Both sexes","2501","Population","2018","2018","1000 persons","280"
"FBS","Food Balances (2010-)","153","New Caledonia","511","Total Population - Both sexes","2501","Population","2019","2019","1000 persons","283"
"FBS","Food Balances (2010-)","156","New Zealand","511","Total Population - Both sexes","2501","Population","2018","2018","1000 persons","4743"
"FBS","Food Balances (2010-)","156","New Zealand","511","Total Population - Both sexes","2501","Population","2019","2019","1000 persons","4783"
"FBS","Food Balances (2010-)","157","Nicaragua","511","Total Population - Both sexes","2501","Population","2018","2018","1000 persons","6466"
"FBS","Food Balances (2010-)","157","Nicaragua","511","Total Population - Both sexes","2501","Population","2019","2019","1000 persons","6546"
"FBS","Food Balances (2010-)","158","Niger","511","Total Population - Both sexes","2501","Population","2018","2018","1000 persons","22443"
"FBS","Food Balances (2010-)","158","Niger","511","Total Population - Both sexes","2501","Population","2019","2019","1000 persons","23311"
"FBS","Food Balances (2010-)","159","Nigeria","511","Total Population - Both sexes","2501","Population","2018","2018","1000 persons","195875"
"FBS","Food Balances (2010-)","159","Nigeria","511","Total Population - Both sexes","2501","Population","2019","2019","1000 persons","200964"
"FBS","Food Balances (2010-)","154","North Macedonia","511","Total Population - Both sexes","2501","Population","2018","2018","1000 persons","2083"
"FBS","Food Balances (2010-)","154","North Macedonia","511","Total Population - Both sexes","2501","Population","2019","2019","1000 persons","2083"
"FBS","Food Balances (2010-)","162","Norway","511","Total Population - Both sexes","2501","Population","2018","2018","1000 persons","5338"
"FBS","Food Balances (2010-)","162","Norway","511","Total Population - Both sexes","2501","Population","2019","2019","1000 persons","5379"
"FBS","Food Balances (2010-)","221","Oman","511","Total Population - Both sexes","2501","Population","2018","2018","1000 persons","4829"
"FBS","Food Balances (2010-)","221","Oman","511","Total Population - Both sexes","2501","Population","2019","2019","1000 persons","4975"
"FBS","Food Balances (2010-)","165","Pakistan","511","Total Population - Both sexes","2501","Population","2018","2018","1000 persons","212228"
"FBS","Food Balances (2010-)","165","Pakistan","511","Total Population - Both sexes","2501","Population","2019","2019","1000 persons","216565"
"FBS","Food Balances (2010-)","166","Panama","511","Total Population - Both sexes","2501","Population","2018","2018","1000 persons","4177"
"FBS","Food Balances (2010-)","166","Panama","511","Total Population - Both sexes","2501","Population","2019","2019","1000 persons","4246"
"FBS","Food Balances (2010-)","168","Papua New Guinea","511","Total Population - Both sexes","2501","Population","2018","2018","1000 persons","8606"
"FBS","Food Balances (2010-)","168","Papua New Guinea","511","Total Population - Both sexes","2501","Population","2019","2019","1000 persons","8776"
"FBS","Food Balances (2010-)","169","Paraguay","511","Total Population - Both sexes","2501","Population","2018","2018","1000 persons","6956"
"FBS","Food Balances (2010-)","169","Paraguay","511","Total Population - Both sexes","2501","Population","2019","2019","1000 persons","7045"
"FBS","Food Balances (2010-)","170","Peru","511","Total Population - Both sexes","2501","Population","2018","2018","1000 persons","31989"
"FBS","Food Balances (2010-)","170","Peru","511","Total Population - Both sexes","2501","Population","2019","2019","1000 persons","32510"
"FBS","Food Balances (2010-)","171","Philippines","511","Total Population - Both sexes","2501","Population","2018","2018","1000 persons","106651"
"FBS","Food Balances (2010-)","171","Philippines","511","Total Population - Both sexes","2501","Population","2019","2019","1000 persons","108117"
"FBS","Food Balances (2010-)","173","Poland","511","Total Population - Both sexes","2501","Population","2018","2018","1000 persons","37922"
"FBS","Food Balances (2010-)","173","Poland","511","Total Population - Both sexes","2501","Population","2019","2019","1000 persons","37888"
"FBS","Food Balances (2010-)","174","Portugal","511","Total Population - Both sexes","2501","Population","2018","2018","1000 persons","10256"
"FBS","Food Balances (2010-)","174","Portugal","511","Total Population - Both sexes","2501","Population","2019","2019","1000 persons","10226"
"FBS","Food Balances (2010-)","117","Republic of Korea","511","Total Population - Both sexes","2501","Population","2018","2018","1000 persons","51172"
"FBS","Food Balances (2010-)","117","Republic of Korea","511","Total Population - Both sexes","2501","Population","2019","2019","1000 persons","51225"
"FBS","Food Balances (2010-)","146","Republic of Moldova","511","Total Population - Both sexes","2501","Population","2018","2018","1000 persons","4052"
"FBS","Food Balances (2010-)","146","Republic of Moldova","511","Total Population - Both sexes","2501","Population","2019","2019","1000 persons","4043"
"FBS","Food Balances (2010-)","183","Romania","511","Total Population - Both sexes","2501","Population","2018","2018","1000 persons","19506"
"FBS","Food Balances (2010-)","183","Romania","511","Total Population - Both sexes","2501","Population","2019","2019","1000 persons","19365"
"FBS","Food Balances (2010-)","185","Russian Federation","511","Total Population - Both sexes","2501","Population","2018","2018","1000 persons","145734"
"FBS","Food Balances (2010-)","185","Russian Federation","511","Total Population - Both sexes","2501","Population","2019","2019","1000 persons","145872"
"FBS","Food Balances (2010-)","184","Rwanda","511","Total Population - Both sexes","2501","Population","2018","2018","1000 persons","12302"
"FBS","Food Balances (2010-)","184","Rwanda","511","Total Population - Both sexes","2501","Population","2019","2019","1000 persons","12627"
"FBS","Food Balances (2010-)","188","Saint Kitts and Nevis","511","Total Population - Both sexes","2501","Population","2018","2018","1000 persons","52"
"FBS","Food Balances (2010-)","188","Saint Kitts and Nevis","511","Total Population - Both sexes","2501","Population","2019","2019","1000 persons","53"
"FBS","Food Balances (2010-)","189","Saint Lucia","511","Total Population - Both sexes","2501","Population","2018","2018","1000 persons","182"
"FBS","Food Balances (2010-)","189","Saint Lucia","511","Total Population - Both sexes","2501","Population","2019","2019","1000 persons","183"
"FBS","Food Balances (2010-)","191","Saint Vincent and the Grenadines","511","Total Population - Both sexes","2501","Population","2018","2018","1000 persons","110"
"FBS","Food Balances (2010-)","191","Saint Vincent and the Grenadines","511","Total Population - Both sexes","2501","Population","2019","2019","1000 persons","111"
"FBS","Food Balances (2010-)","244","Samoa","511","Total Population - Both sexes","2501","Population","2018","2018","1000 persons","196"
"FBS","Food Balances (2010-)","244","Samoa","511","Total Population - Both sexes","2501","Population","2019","2019","1000 persons","197"
"FBS","Food Balances (2010-)","193","Sao Tome and Principe","511","Total Population - Both sexes","2501","Population","2018","2018","1000 persons","211"
"FBS","Food Balances (2010-)","193","Sao Tome and Principe","511","Total Population - Both sexes","2501","Population","2019","2019","1000 persons","215"
"FBS","Food Balances (2010-)","194","Saudi Arabia","511","Total Population - Both sexes","2501","Population","2018","2018","1000 persons","33703"
"FBS","Food Balances (2010-)","194","Saudi Arabia","511","Total Population - Both sexes","2501","Population","2019","2019","1000 persons","34269"
"FBS","Food Balances (2010-)","195","Senegal","511","Total Population - Both sexes","2501","Population","2018","2018","1000 persons","15854"
"FBS","Food Balances (2010-)","195","Senegal","511","Total Population - Both sexes","2501","Population","2019","2019","1000 persons","16296"
"FBS","Food Balances (2010-)","272","Serbia","511","Total Population - Both sexes","2501","Population","2018","2018","1000 persons","8803"
"FBS","Food Balances (2010-)","272","Serbia","511","Total Population - Both sexes","2501","Population","2019","2019","1000 persons","8772"
"FBS","Food Balances (2010-)","196","Seychelles","511","Total Population - Both sexes","2501","Population","2018","2018","1000 persons","97"
"FBS","Food Balances (2010-)","196","Seychelles","511","Total Population - Both sexes","2501","Population","2019","2019","1000 persons","98"
"FBS","Food Balances (2010-)","197","Sierra Leone","511","Total Population - Both sexes","2501","Population","2018","2018","1000 persons","7650"
"FBS","Food Balances (2010-)","197","Sierra Leone","511","Total Population - Both sexes","2501","Population","2019","2019","1000 persons","7813"
"FBS","Food Balances (2010-)","199","Slovakia","511","Total Population - Both sexes","2501","Population","2018","2018","1000 persons","5453"
"FBS","Food Balances (2010-)","199","Slovakia","511","Total Population - Both sexes","2501","Population","2019","2019","1000 persons","5457"
"FBS","Food Balances (2010-)","198","Slovenia","511","Total Population - Both sexes","2501","Population","2018","2018","1000 persons","2078"
"FBS","Food Balances (2010-)","198","Slovenia","511","Total Population - Both sexes","2501","Population","2019","2019","1000 persons","2079"
"FBS","Food Balances (2010-)","25","Solomon Islands","511","Total Population - Both sexes","2501","Population","2018","2018","1000 persons","653"
"FBS","Food Balances (2010-)","25","Solomon Islands","511","Total Population - Both sexes","2501","Population","2019","2019","1000 persons","670"
"FBS","Food Balances (2010-)","202","South Africa","511","Total Population - Both sexes","2501","Population","2018","2018","1000 persons","57793"
"FBS","Food Balances (2010-)","202","South Africa","511","Total Population - Both sexes","2501","Population","2019","2019","1000 persons","58558"
"FBS","Food Balances (2010-)","203","Spain","511","Total Population - Both sexes","2501","Population","2018","2018","1000 persons","46693"
"FBS","Food Balances (2010-)","203","Spain","511","Total Population - Both sexes","2501","Population","2019","2019","1000 persons","46737"
"FBS","Food Balances (2010-)","38","Sri Lanka","511","Total Population - Both sexes","2501","Population","2018","2018","1000 persons","21229"
"FBS","Food Balances (2010-)","38","Sri Lanka","511","Total Population - Both sexes","2501","Population","2019","2019","1000 persons","21324"
"FBS","Food Balances (2010-)","276","Sudan","511","Total Population - Both sexes","2501","Population","2018","2018","1000 persons","41802"
"FBS","Food Balances (2010-)","276","Sudan","511","Total Population - Both sexes","2501","Population","2019","2019","1000 persons","42813"
"FBS","Food Balances (2010-)","207","Suriname","511","Total Population - Both sexes","2501","Population","2018","2018","1000 persons","576"
"FBS","Food Balances (2010-)","207","Suriname","511","Total Population - Both sexes","2501","Population","2019","2019","1000 persons","581"
"FBS","Food Balances (2010-)","210","Sweden","511","Total Population - Both sexes","2501","Population","2018","2018","1000 persons","9972"
"FBS","Food Balances (2010-)","210","Sweden","511","Total Population - Both sexes","2501","Population","2019","2019","1000 persons","10036"
"FBS","Food Balances (2010-)","211","Switzerland","511","Total Population - Both sexes","2501","Population","2018","2018","1000 persons","8526"
"FBS","Food Balances (2010-)","211","Switzerland","511","Total Population - Both sexes","2501","Population","2019","2019","1000 persons","8591"
"FBS","Food Balances (2010-)","212","Syrian Arab Republic","511","Total Population - Both sexes","2501","Population","2018","2018","1000 persons","16945"
"FBS","Food Balances (2010-)","212","Syrian Arab Republic","511","Total Population - Both sexes","2501","Population","2019","2019","1000 persons","17070"
"FBS","Food Balances (2010-)","208","Tajikistan","511","Total Population - Both sexes","2501","Population","2018","2018","1000 persons","9101"
"FBS","Food Balances (2010-)","208","Tajikistan","511","Total Population - Both sexes","2501","Population","2019","2019","1000 persons","9321"
"FBS","Food Balances (2010-)","216","Thailand","511","Total Population - Both sexes","2501","Population","2018","2018","1000 persons","69428"
"FBS","Food Balances (2010-)","216","Thailand","511","Total Population - Both sexes","2501","Population","2019","2019","1000 persons","69626"
"FBS","Food Balances (2010-)","176","Timor-Leste","511","Total Population - Both sexes","2501","Population","2018","2018","1000 persons","1268"
"FBS","Food Balances (2010-)","176","Timor-Leste","511","Total Population - Both sexes","2501","Population","2019","2019","1000 persons","1293"
"FBS","Food Balances (2010-)","217","Togo","511","Total Population - Both sexes","2501","Population","2018","2018","1000 persons","7889"
"FBS","Food Balances (2010-)","217","Togo","511","Total Population - Both sexes","2501","Population","2019","2019","1000 persons","8082"
"FBS","Food Balances (2010-)","220","Trinidad and Tobago","511","Total Population - Both sexes","2501","Population","2018","2018","1000 persons","1390"
"FBS","Food Balances (2010-)","220","Trinidad and Tobago","511","Total Population - Both sexes","2501","Population","2019","2019","1000 persons","1395"
"FBS","Food Balances (2010-)","222","Tunisia","511","Total Population - Both sexes","2501","Population","2018","2018","1000 persons","11565"
"FBS","Food Balances (2010-)","222","Tunisia","511","Total Population - Both sexes","2501","Population","2019","2019","1000 persons","11695"
"FBS","Food Balances (2010-)","223","Turkey","511","Total Population - Both sexes","2501","Population","2018","2018","1000 persons","82340"
"FBS","Food Balances (2010-)","223","Turkey","511","Total Population - Both sexes","2501","Population","2019","2019","1000 persons","83430"
"FBS","Food Balances (2010-)","213","Turkmenistan","511","Total Population - Both sexes","2501","Population","2018","2018","1000 persons","5851"
"FBS","Food Balances (2010-)","213","Turkmenistan","511","Total Population - Both sexes","2501","Population","2019","2019","1000 persons","5942"
"FBS","Food Balances (2010-)","226","Uganda","511","Total Population - Both sexes","2501","Population","2018","2018","1000 persons","42729"
"FBS","Food Balances (2010-)","226","Uganda","511","Total Population - Both sexes","2501","Population","2019","2019","1000 persons","44270"
"FBS","Food Balances (2010-)","230","Ukraine","511","Total Population - Both sexes","2501","Population","2018","2018","1000 persons","44246"
"FBS","Food Balances (2010-)","230","Ukraine","511","Total Population - Both sexes","2501","Population","2019","2019","1000 persons","43994"
"FBS","Food Balances (2010-)","229","United Kingdom of Great Britain and Northern Ireland","511","Total Population - Both sexes","2501","Population","2018","2018","1000 persons","67142"
"FBS","Food Balances (2010-)","229","United Kingdom of Great Britain and Northern Ireland","511","Total Population - Both sexes","2501","Population","2019","2019","1000 persons","67530"
"FBS","Food Balances (2010-)","215","United Republic of Tanzania","511","Total Population - Both sexes","2501","Population","2018","2018","1000 persons","56313"
"FBS","Food Balances (2010-)","215","United Republic of Tanzania","511","Total Population - Both sexes","2501","Population","2019","2019","1000 persons","58005"
"FBS","Food Balances (2010-)","231","United States of America","511","Total Population - Both sexes","2501","Population","2018","2018","1000 persons","327096"
"FBS","Food Balances (2010-)","231","United States of America","511","Total Population - Both sexes","2501","Population","2019","2019","1000 persons","329065"
"FBS","Food Balances (2010-)","234","Uruguay","511","Total Population - Both sexes","2501","Population","2018","2018","1000 persons","3449"
"FBS","Food Balances (2010-)","234","Uruguay","511","Total Population - Both sexes","2501","Population","2019","2019","1000 persons","3462"
"FBS","Food Balances (2010-)","235","Uzbekistan","511","Total Population - Both sexes","2501","Population","2018","2018","1000 persons","32476"
"FBS","Food Balances (2010-)","235","Uzbekistan","511","Total Population - Both sexes","2501","Population","2019","2019","1000 persons","32982"
"FBS","Food Balances (2010-)","155","Vanuatu","511","Total Population - Both sexes","2501","Population","2018","2018","1000 persons","293"
"FBS","Food Balances (2010-)","155","Vanuatu","511","Total Population - Both sexes","2501","Population","2019","2019","1000 persons","300"
"FBS","Food Balances (2010-)","236","Venezuela (Bolivarian Republic of)","511","Total Population - Both sexes","2501","Population","2018","2018","1000 persons","28887"
"FBS","Food Balances (2010-)","236","Venezuela (Bolivarian Republic of)","511","Total Population - Both sexes","2501","Population","2019","2019","1000 persons","28516"
"FBS","Food Balances (2010-)","237","Viet Nam","511","Total Population - Both sexes","2501","Population","2018","2018","1000 persons","95546"
"FBS","Food Balances (2010-)","237","Viet Nam","511","Total Population - Both sexes","2501","Population","2019","2019","1000 persons","96462"
"FBS","Food Balances (2010-)","249","Yemen","511","Total Population - Both sexes","2501","Population","2018","2018","1000 persons","28499"
"FBS","Food Balances (2010-)","249","Yemen","511","Total Population - Both sexes","2501","Population","2019","2019","1000 persons","29162"
"FBS","Food Balances (2010-)","251","Zambia","511","Total Population - Both sexes","2501","Population","2018","2018","1000 persons","17352"
"FBS","Food Balances (2010-)","251","Zambia","511","Total Population - Both sexes","2501","Population","2019","2019","1000 persons","17861"
"FBS","Food Balances (2010-)","181","Zimbabwe","511","Total Population - Both sexes","2501","Population","2018","2018","1000 persons","14439"
"FBS","Food Balances (2010-)","181","Zimbabwe","511","Total Population - Both sexes","2501","Population","2019","2019","1000 persons","14645"
